,ds,119097780,常1,常2,常3,常4,常5,常6,常7,异8,异9,异10,异11,异12,标合,异型合,合计,苏,y,通,泰,Unnamed: 21,Unnamed: 22,Unnamed: 23,月份,地区,营销,Unnamed: 27,Unnamed: 28,WMS,Unnamed: 30,Unnamed: 31,Unnamed: 32,Unnamed: 33,Unnamed: 34,Unnamed: 35,Unnamed: 36,df
0,2022-01-01,2118670.0,248459.0,248893.0,249120.0,248484.0,247747.0,248445.0,248704.0,75839.0,75842.0,75781.0,75659.0,75697.0,1739852.0,378818.0,2118670.0,678195.0,554697.0,488461.0,397317.0,2118670,0,,,,分拣总量（条）,分拣总量（万支）,分拣总量（箱）,异型烟（条）,异型烟（箱）,,,,,,,2022-01-01
1,2022-01-02,2178189.0,251557.0,253610.0,250785.0,257731.0,257919.0,252375.0,254548.0,85896.0,86932.0,87229.0,64952.0,74655.0,1778525.0,399664.0,2178189.0,761851.0,542603.0,481821.0,391914.0,2178189,0,,1月（1.1-1.30）,苏州,16758440,334782.768,66956.55376,,,16758440.0,0.0,,,,,2022-01-02
2,2022-01-03,2220261.0,258855.0,257822.0,258035.0,258382.0,259053.0,259827.0,258628.0,91497.0,91532.0,91557.0,60133.0,74940.0,1810602.0,409659.0,2220261.0,755559.0,528033.0,548254.0,388415.0,2220261,0,,,无锡,9822405,196333.128,39266.6256,,,9822405.0,0.0,,,,,2022-01-03
3,2022-01-04,2193186.0,257740.0,257220.0,255751.0,259097.0,259906.0,257795.0,257455.0,91761.0,91569.0,91559.0,31811.0,81522.0,1804964.0,388222.0,2193186.0,742197.0,544267.0,485036.0,421686.0,2193186,0,,,南通,11379395,227439.5748,45487.91496,,,11379395.0,0.0,,,,,2022-01-04
4,2022-01-05,2090960.0,248946.0,246387.0,246132.0,248147.0,247476.0,246598.0,246767.0,84537.0,83863.0,84201.0,39809.0,68097.0,1730453.0,360507.0,2090960.0,677861.0,537267.0,473907.0,401925.0,2090960,0,,,泰州,8441125,168678.058,33735.6116,,,8441125.0,0.0,,上报用量,定额应用量,实际上报万箱用膜量,2022-01-05
5,2022-01-07,2427955.0,296979.0,291164.0,293071.0,290052.0,290863.0,291229.0,291536.0,87725.0,87978.0,88214.0,41225.0,77919.0,2044894.0,383061.0,2427955.0,933635.0,547660.0,498535.0,448125.0,2427955,0,,合计,,46401365,927233.5288,185446.70592,7021407,28085.628,46401365.0,0.0,,74.6,64.906347072,4.022719067988285,2022-01-07
6,2022-01-08,2505160.0,299236.0,304977.0,303340.0,300852.0,298518.0,296649.0,299176.0,91546.0,91717.0,91823.0,47243.0,80083.0,2102748.0,402412.0,2505160.0,1038610.0,531026.0,492669.0,442855.0,2505160,0,,2月（1.31-2.28）,苏州,6990212,139598.49,27919.69804,,,6990212.0,0.0,,,,,2022-01-08
7,2022-01-09,2547366.0,304985.0,307476.0,307691.0,304985.0,305489.0,304093.0,302219.0,90135.0,90177.0,90211.0,59882.0,80023.0,2136938.0,410428.0,2547366.0,1032177.0,515800.0,560294.0,439095.0,2547366,0,,,无锡,3270827,65355.9969,13071.19938,,,3270827.0,0.0,,,,,2022-01-09
8,2022-01-10,2524281.0,304916.0,302665.0,302570.0,304824.0,305346.0,304819.0,305748.0,85593.0,85785.0,85975.0,58544.0,77496.0,2130888.0,393393.0,2524281.0,1021903.0,531059.0,493039.0,478280.0,2524281,0,,,南通,5100340,101963.68,20392.736,,,5100340.0,0.0,,,,,2022-01-10
9,2022-01-11,2405867.0,290391.0,292512.0,291316.0,290018.0,290736.0,290998.0,290759.0,81284.0,81174.0,79631.0,54356.0,72692.0,2036730.0,369137.0,2405867.0,941695.0,524703.0,482599.0,456870.0,2405867,0,,,泰州,3084305,61671.196,12334.2392,,,3084305.0,0.0,,,,,2022-01-11
10,2022-01-13,1921595.0,264706.0,263406.0,0.0,265490.0,265755.0,267656.0,265959.0,72111.0,72129.0,72239.0,51659.0,60485.0,1592972.0,328623.0,1921595.0,719273.0,397639.0,452323.0,352360.0,1921595,0,,合计,,18445684,368589.36289999995,73717.87262,3216565,12866.26,,18445684.0,,27.5,25.801255417,3.7304386334853517,2022-01-13
11,2022-01-14,1976059.0,272155.0,272294.0,0.0,271552.0,272302.0,272408.0,272274.0,75934.0,76057.0,76074.0,54973.0,60036.0,1632985.0,343074.0,1976059.0,799898.0,389031.0,439834.0,347296.0,1976059,0,,3月（2.29-3.30）,苏州,9943897,198563.154,39712.63098,,,9943897.0,0.0,,,,,2022-01-14
12,2022-01-15,2007835.0,276271.0,277715.0,0.0,276039.0,277652.0,276279.0,277237.0,76758.0,77400.0,77632.0,55073.0,59779.0,1661193.0,346642.0,2007835.0,793009.0,377233.0,492260.0,345333.0,2007835,0,,,无锡,5296241,105887.302,21177.4604,,,5296241.0,0.0,,,,,2022-01-15
13,2022-01-16,1993787.0,276191.0,275971.0,0.0,275843.0,275520.0,275413.0,275575.0,74502.0,74864.0,74868.0,54857.0,60183.0,1654513.0,339274.0,1993787.0,784615.0,391598.0,444866.0,372708.0,1993787,0,,,南通,5307494,106096.291,21219.25832,,,5307494.0,0.0,,,,,2022-01-16
14,2022-01-17,1879162.0,259336.0,259179.0,0.0,259947.0,259689.0,259710.0,259832.0,70780.0,70418.0,70214.0,49970.0,60087.0,1557693.0,321469.0,1879162.0,722649.0,384721.0,416335.0,355457.0,1879162,0,,,泰州,3513511,70175.096,14035.0192,,,3513511.0,0.0,,,,,2022-01-17
15,2022-01-20,1471935.0,181326.0,180271.0,180538.0,180872.0,180709.0,180956.0,180429.0,68947.0,68879.0,68843.0,0.0,165.0,1265101.0,206834.0,1471935.0,442621.0,291473.0,396544.0,341297.0,1471935,0,,合计,,24061143,480721.843,96144.36889999999,1716876,6867.504,,24061143.0,,36.4,33.650529115,3.7859731585382534,2022-01-20
16,2022-01-21,1502108.0,185127.0,198857.0,185252.0,184205.0,185028.0,185401.0,184801.0,65997.0,63731.0,63470.0,0.0,239.0,1308671.0,193437.0,1502108.0,495430.0,284153.0,386328.0,336197.0,1502108,0,,4月（3.31-4.29）,苏州,9668324,193151.2553,38630.25106,,,9668324.0,0.0,,,,,2022-01-21
17,2022-01-22,1530527.0,190203.0,189860.0,190296.0,191764.0,190988.0,190500.0,190888.0,65240.0,65228.0,65269.0,0.0,291.0,1334499.0,196028.0,1530527.0,489949.0,276046.0,430547.0,333985.0,1530527,0,,,无锡,5324644,106413.416,21282.6832,,,5324644.0,0.0,,,,,2022-01-22
18,2022-01-23,1520637.0,190942.0,189125.0,189260.0,190380.0,190803.0,189396.0,189513.0,63556.0,63680.0,63698.0,0.0,284.0,1329419.0,191218.0,1520637.0,483173.0,284897.0,391412.0,361155.0,1520637,0,,,南通,5242896,104793.832,20958.7664,,,5242896.0,0.0,,,,,2022-01-23
19,2022-01-24,1472328.0,184677.0,184448.0,184171.0,184652.0,184442.0,184349.0,184004.0,60516.0,60585.0,60331.0,0.0,153.0,1290743.0,181585.0,1472328.0,434574.0,280168.0,414355.0,343231.0,1472328,0,,,泰州,3659963,73147.2788,14629.45576,,,3659963.0,0.0,,,,,2022-01-24
20,2022-01-26,1162823.0,153608.0,152718.0,152797.0,152832.0,152646.0,152645.0,152982.0,30806.0,30858.0,30800.0,0.0,131.0,1070228.0,92595.0,1162823.0,379561.0,226423.0,420756.0,136083.0,1162823,0,,合计,,23895827,477505.78209999995,95501.15642,1425154,5700.616,,23895827.0,,37.3,33.425404747,3.905711867609236,2022-01-26
21,2022-01-27,1188838.0,155557.0,154701.0,155451.0,155563.0,155790.0,155741.0,155486.0,33429.0,33473.0,33409.0,0.0,238.0,1088289.0,100549.0,1188838.0,422850.0,222461.0,408804.0,134723.0,1188838,0,,,苏州,,,,,,,0.0,,,,,2022-01-27
22,2022-01-28,1223637.0,160733.0,160195.0,161131.0,161075.0,159591.0,159619.0,160665.0,32159.0,34153.0,34152.0,0.0,164.0,1123009.0,100628.0,1223637.0,418767.0,214972.0,455901.0,133997.0,1223637,0,,,无锡,,,,,,,,,,,,2022-01-28
23,2022-01-29,1195555.0,156332.0,157976.0,157815.0,157423.0,156362.0,156679.0,156699.0,30766.0,32645.0,32722.0,0.0,136.0,1099286.0,96269.0,1195555.0,411768.0,226316.0,413709.0,143762.0,1195555,0,,,南通,,,,,,,,,,,,2022-01-29
24,2022-01-30,1142644.0,150853.0,150772.0,150358.0,150578.0,150677.0,150729.0,150796.0,20078.0,33881.0,33853.0,0.0,69.0,1054763.0,87881.0,1142644.0,376620.0,218159.0,410806.0,137059.0,1142644,0,,,泰州,,,,,,,,,,,,2022-01-30
25,2022-02-01,1398246.0,183983.0,184342.0,183915.0,184302.0,184345.0,184194.0,184399.0,36150.0,36173.0,36145.0,0.0,298.0,1289480.0,108766.0,1398246.0,471346.0,266459.0,392360.0,268081.0,1398246,0,,合计,,,,,0,0,,,,,,,2022-02-01
26,2022-02-02,1432341.0,188066.0,187999.0,187681.0,188314.0,188474.0,188420.0,188128.0,38375.0,38376.0,38341.0,0.0,167.0,1317082.0,115259.0,1432341.0,525169.0,260128.0,382390.0,264654.0,1432341,0,,,苏州,,,,,,,,,,,,2022-02-02
27,2022-02-03,1463256.0,0.0,224654.0,224051.0,224255.0,223300.0,224038.0,224179.0,39566.0,39585.0,39587.0,0.0,41.0,1344477.0,118779.0,1463256.0,520793.0,251835.0,427966.0,262662.0,1463256,0,,,无锡,,,,,,,,,,,,2022-02-03
28,2022-02-04,1441522.0,0.0,221953.0,221822.0,221954.0,221939.0,221980.0,221912.0,36633.0,36648.0,36653.0,0.0,28.0,1331560.0,109962.0,1441522.0,512406.0,260001.0,385755.0,283360.0,1441522,0,,,南通,,,,,,,,,,,,2022-02-04
29,2022-02-05,1379577.0,0.0,212615.0,212795.0,212609.0,212735.0,212562.0,212620.0,34552.0,34552.0,34528.0,0.0,9.0,1275936.0,103641.0,1379577.0,470488.0,255894.0,383355.0,269840.0,1379577,0,,,泰州,,,,,,,,,,,,2022-02-05
30,2022-02-18,1149063.0,0.0,180201.0,179934.0,180001.0,179943.0,180109.0,179975.0,22941.0,22989.0,22970.0,0.0,0.0,1080163.0,68900.0,1149063.0,425607.0,217089.0,322417.0,183950.0,1149063,0,,合计,,,,,0,0,,,,,,,2022-02-18
31,2022-02-19,1178894.0,0.0,184312.0,184219.0,184204.0,184249.0,184321.0,184244.0,23787.0,25777.0,23781.0,0.0,0.0,1105549.0,73345.0,1178894.0,474650.0,212303.0,310562.0,181379.0,1178894,0,,,苏州,,,,,,,,,,,,2022-02-19
32,2022-02-20,1198315.0,160500.0,160559.0,160452.0,160397.0,160483.0,160480.0,160421.0,24313.0,26395.0,24315.0,0.0,0.0,1123292.0,75023.0,1198315.0,469782.0,205541.0,342452.0,180540.0,1198315,0,,,无锡,,,,,,,,,,,,2022-02-20
33,2022-02-21,1189650.0,159943.0,159963.0,159901.0,159893.0,159822.0,159644.0,159886.0,22851.0,24868.0,22879.0,0.0,0.0,1119052.0,70598.0,1189650.0,463948.0,214598.0,316286.0,194818.0,1189650,0,,,南通,,,,,,,,,,,,2022-02-21
34,2022-02-22,1134090.0,152846.0,152821.0,152746.0,152788.0,152518.0,152791.0,152591.0,20934.0,23121.0,20934.0,0.0,0.0,1069101.0,64989.0,1134090.0,424413.0,208516.0,316614.0,184547.0,1134090,0,,,泰州,,,,,,,,,,,,2022-02-22
35,2022-02-24,1075482.0,145089.0,145075.0,145143.0,145099.0,145040.0,145077.0,145113.0,19976.0,19935.0,19829.0,0.0,106.0,1015636.0,59846.0,1075482.0,421254.0,188490.0,303834.0,161904.0,1075482,0,,合计,,,,,0,0,,,,,,,2022-02-24
36,2022-02-25,1101929.0,148185.0,148145.0,148079.0,148013.0,148145.0,148079.0,148142.0,21672.0,21680.0,21647.0,0.0,142.0,1036788.0,65141.0,1101929.0,467008.0,183999.0,291753.0,159169.0,1101929,0,,,苏州,,,,,,,,,,,,2022-02-25
37,2022-02-26,1126006.0,151557.0,151583.0,151491.0,151275.0,151542.0,151688.0,151658.0,22400.0,20368.0,22320.0,0.0,124.0,1060794.0,65212.0,1126006.0,464565.0,178332.0,325394.0,157715.0,1126006,0,,,无锡,,,,,,,,,,,,2022-02-26
38,2022-02-27,1112210.0,150016.0,150108.0,150045.0,150218.0,150017.0,150042.0,150216.0,20434.0,20467.0,20482.0,0.0,165.0,1050662.0,61548.0,1112210.0,456916.0,186252.0,298959.0,170083.0,1112210,0,,,南通,,,,,,,,,,,,2022-02-27
39,2022-02-28,1065103.0,144091.0,144137.0,144086.0,143836.0,144005.0,144060.0,144492.0,18736.0,18784.0,18783.0,0.0,93.0,1008707.0,56396.0,1065103.0,421867.0,181390.0,300243.0,161603.0,1065103,0,,,泰州,,,,,,,,,,,,2022-02-28
40,2022-03-04,1037009.0,141782.0,141866.0,141507.0,141844.0,141649.0,141981.0,142064.0,22107.0,22169.0,0.0,0.0,40.0,850629.0,186380.0,1037009.0,403413.0,229926.0,233664.0,170006.0,1037009,0,,合计,,,,,0,0,,,,,,,2022-03-04
41,2022-03-05,1022539.0,139627.0,139538.0,139663.0,139518.0,139690.0,139706.0,139780.0,22466.0,22490.0,0.0,0.0,61.0,977522.0,45017.0,1022539.0,403851.0,225309.0,226146.0,167233.0,1022539,0,,,苏州,,,,,,,,,,,,2022-03-05
42,2022-03-06,1078470.0,146621.0,146741.0,146747.0,146758.0,146758.0,146809.0,146799.0,26548.0,24589.0,0.0,0.0,100.0,1027233.0,51237.0,1078470.0,445124.0,218796.0,247414.0,167136.0,1078470,0,,,无锡,,,,,,,,,,,,2022-03-06
43,2022-03-07,1083244.0,147771.0,147774.0,147795.0,147731.0,147814.0,147693.0,147873.0,25224.0,23243.0,0.0,0.0,326.0,1034451.0,48793.0,1083244.0,443165.0,229101.0,231220.0,179758.0,1083244,0,,,南通,,,,,,,,,,,,2022-03-07
44,2022-03-08,1061186.0,155128.0,154589.0,154625.0,85064.0,154809.0,154859.0,154478.0,24136.0,22185.0,0.0,0.0,1313.0,1013552.0,47634.0,1061186.0,436839.0,223976.0,230213.0,170158.0,1061186,0,,,泰州,,,,,,,,,,,,2022-03-08
45,2022-03-11,1178157.0,158028.0,158049.0,158070.0,158096.0,158126.0,158083.0,158114.0,23853.0,23861.0,23881.0,0.0,-4.0,1106566.0,71591.0,1178157.0,454982.0,247744.0,281564.0,193867.0,1178157,0,,合计,,,,,0,0,,,,,,,2022-03-11
46,2022-03-12,1159975.0,155782.0,155746.0,155625.0,155783.0,155715.0,155713.0,155592.0,24314.0,24308.0,21397.0,0.0,0.0,1089956.0,70019.0,1159975.0,452289.0,242828.0,274231.0,190627.0,1159975,0,,,,,,,,,,,,,,,2022-03-12
47,2022-03-13,1226651.0,163988.0,163993.0,163958.0,163917.0,163948.0,163949.0,163952.0,27929.0,27940.0,23077.0,0.0,0.0,1147705.0,78946.0,1226651.0,497352.0,236146.0,303211.0,189942.0,1226651,0,,,,,,,,,,,,,,,2022-03-13
48,2022-03-14,1224730.0,164121.0,164107.0,164229.0,164237.0,164420.0,164105.0,164147.0,26604.0,26621.0,22139.0,0.0,0.0,1149366.0,75364.0,1224730.0,495951.0,247281.0,277470.0,204028.0,1224730,0,,,,,,,,,,,,,,,2022-03-14
49,2022-03-15,1200787.0,161469.0,161361.0,161139.0,161289.0,161029.0,161238.0,160971.0,25089.0,25130.0,22072.0,0.0,0.0,1128496.0,72291.0,1200787.0,491427.0,241318.0,274834.0,193208.0,1200787,0,,,,,,,,,,,,,,,2022-03-15
50,2022-03-18,1223491.0,164741.0,164666.0,164564.0,164649.0,164702.0,164520.0,165236.0,23491.0,23445.0,23454.0,0.0,23.0,1153078.0,70413.0,1223491.0,497753.0,272922.0,278702.0,174114.0,1223491,0,,,,,,,,,,,,,,,2022-03-18
51,2022-03-19,1204086.0,161701.0,161758.0,161801.0,161827.0,161792.0,162034.0,161716.0,23821.0,23813.0,23799.0,0.0,24.0,1132629.0,71457.0,1204086.0,493990.0,267483.0,270932.0,171681.0,1204086,0,,,,,,,,,,,,,,,2022-03-19
52,2022-03-20,1273425.0,163853.0,170411.0,170313.0,170316.0,170367.0,170381.0,170252.0,27067.0,27395.0,26902.0,0.0,6168.0,1185893.0,87532.0,1273425.0,543225.0,260124.0,300243.0,169833.0,1273425,0,,,,,,,,,,,,,,,2022-03-20
53,2022-03-21,1270656.0,170674.0,170964.0,170822.0,170396.0,170898.0,170870.0,170477.0,25191.0,25149.0,25191.0,0.0,24.0,1195101.0,75555.0,1270656.0,538819.0,274490.0,273891.0,183456.0,1270656,0,,,,,,,,,,,,,,,2022-03-21
54,2022-03-22,1248930.0,167955.0,167987.0,167729.0,167529.0,167855.0,167869.0,167852.0,24663.0,24719.0,24728.0,0.0,44.0,1174776.0,74154.0,1248930.0,535640.0,266371.0,272606.0,174317.0,1248934,4,,,,,,,,,,,,,,,2022-03-22
55,2022-03-25,1287836.0,168957.0,169497.0,169358.0,169619.0,169606.0,169349.0,169535.0,33953.0,33941.0,34001.0,0.0,20.0,1185921.0,101915.0,1287836.0,532829.0,327844.0,264732.0,162431.0,1287836,0,,,,,,,,,,,,,,,2022-03-25
56,2022-03-26,1272484.0,166822.0,166760.0,166621.0,166900.0,167027.0,166767.0,166624.0,40432.0,24073.0,40427.0,0.0,31.0,1167521.0,104963.0,1272484.0,532063.0,322607.0,258351.0,159463.0,1272484,0,,,,,,,,,,,,,,,2022-03-26
57,2022-03-27,1346525.0,175349.0,175381.0,175275.0,175251.0,175095.0,175496.0,175800.0,44208.0,30010.0,44220.0,0.0,440.0,1227647.0,118878.0,1346525.0,585192.0,312905.0,289010.0,159418.0,1346525,0,,,,,,,,,,,,,,,2022-03-27
58,2022-03-28,1341469.0,175632.0,175375.0,175293.0,175528.0,175677.0,175529.0,175535.0,42283.0,28275.0,42297.0,0.0,45.0,1228569.0,112900.0,1341469.0,582048.0,328500.0,260513.0,170408.0,1341469,0,,,,,,,,,,,,,,,2022-03-28
59,2022-03-29,1319489.0,172562.0,172976.0,172899.0,172641.0,172626.0,172550.0,172378.0,41338.0,27405.0,41314.0,0.0,800.0,1208632.0,110857.0,1319489.0,577945.0,320570.0,258547.0,162427.0,1319489,0,,,,,,,,,,,,,,,2022-03-29
60,2022-04-01,1168958.0,161153.0,161127.0,161051.0,161120.0,161208.0,161168.0,161151.0,20495.0,20464.0,0.0,0.0,21.0,1127978.0,40980.0,1168958.0,445180.0,269405.0,270025.0,184348.0,1168958,0,,,,,,,,,,,,,,,2022-04-01
61,2022-04-02,1142608.0,157157.0,157167.0,157258.0,157172.0,157301.0,157404.0,157231.0,20946.0,20946.0,0.0,0.0,26.0,1100690.0,41918.0,1142608.0,437967.0,263069.0,260001.0,181571.0,1142608,0,,,,,,,,,,,,,,,2022-04-02
62,2022-04-03,1196775.0,164190.0,164251.0,164428.0,163506.0,164271.0,163738.0,164519.0,23907.0,23916.0,0.0,0.0,49.0,1148903.0,47872.0,1196775.0,473981.0,256500.0,285316.0,180978.0,1196775,0,,,,,,,,,,,,,,,2022-04-03
63,2022-04-04,1198412.0,164853.0,164772.0,164925.0,164672.0,164919.0,164736.0,164910.0,22224.0,5002.0,17354.0,0.0,45.0,1153787.0,44625.0,1198412.0,473368.0,265293.0,265228.0,194523.0,1198412,0,,,,,,,,,,,,,,,2022-04-04
64,2022-04-05,1182179.0,162618.0,163086.0,162791.0,162720.0,162692.0,162783.0,162240.0,21584.0,736.0,20859.0,0.0,70.0,1138930.0,43249.0,1182179.0,471091.0,261416.0,264492.0,185180.0,1182179,0,,,,,,,,,,,,,,,2022-04-05
65,2022-04-08,1178314.0,157928.0,157858.0,157786.0,157986.0,157861.0,157829.0,157365.0,24532.0,24555.0,24564.0,0.0,50.0,1104613.0,73701.0,1178314.0,463219.0,256943.0,266817.0,191335.0,1178314,0,,,,,,,,,,,,,,,2022-04-08
66,2022-04-09,1156569.0,154782.0,154656.0,154653.0,154456.0,154510.0,154672.0,154471.0,26047.0,24186.0,24080.0,0.0,56.0,1082200.0,74369.0,1156569.0,459257.0,250535.0,258216.0,188561.0,1156569,0,,,,,,,,,,,,,,,2022-04-09
67,2022-04-10,1218314.0,162219.0,162286.0,162207.0,162277.0,162273.0,162278.0,162319.0,28817.0,26770.0,26746.0,0.0,122.0,1135859.0,82455.0,1218314.0,503045.0,244315.0,283774.0,187180.0,1218314,0,,,,,,,,,,,,,,,2022-04-10
68,2022-04-11,1216626.0,162628.0,163070.0,162658.0,162127.0,162727.0,162656.0,162611.0,27308.0,25419.0,25333.0,0.0,89.0,1138477.0,78149.0,1216626.0,502235.0,251424.0,262187.0,200780.0,1216626,0,,,,,,,,,,,,,,,2022-04-11
69,2022-04-12,1199242.0,160315.0,160377.0,160626.0,160395.0,160373.0,160341.0,160299.0,26790.0,24844.0,24801.0,0.0,81.0,1122726.0,76516.0,1199242.0,498450.0,248595.0,261574.0,190623.0,1199242,0,,,,,,,,,,,,,,,2022-04-12
70,2022-04-15,1188772.0,159723.0,159910.0,159749.0,159517.0,159428.0,159757.0,159577.0,23702.0,23693.0,23696.0,0.0,20.0,1117661.0,71111.0,1188772.0,466977.0,287032.0,253626.0,181137.0,1188772,0,,,,,,,,,,,,,,,2022-04-15
71,2022-04-16,1171283.0,156822.0,156839.0,157058.0,156910.0,156931.0,156979.0,156695.0,24333.0,24329.0,24360.0,0.0,27.0,1098234.0,73049.0,1171283.0,465892.0,281121.0,246470.0,177800.0,1171283,0,,,,,,,,,,,,,,,2022-04-16
72,2022-04-17,1241412.0,165650.0,165774.0,165630.0,165702.0,165678.0,165640.0,165768.0,28506.0,26511.0,26507.0,0.0,46.0,1159842.0,81570.0,1241412.0,514965.0,274131.0,274434.0,177882.0,1241412,0,,,,,,,,,,,,,,,2022-04-17
73,2022-04-18,1237388.0,165850.0,165806.0,165743.0,165848.0,165812.0,165864.0,165809.0,26820.0,24886.0,24913.0,0.0,37.0,1160732.0,76656.0,1237388.0,511432.0,285790.0,248776.0,191390.0,1237388,0,,,,,,,,,,,,,,,2022-04-18
74,2022-04-19,1216970.0,163124.0,163374.0,163333.0,163030.0,163174.0,162507.0,163175.0,26291.0,24314.0,24304.0,0.0,344.0,1141717.0,75253.0,1216970.0,509212.0,279212.0,246616.0,181930.0,1216970,0,,,,,,,,,,,,,,,2022-04-19
75,2022-04-20,157.0,,,,,,,,,,,,157.0,0.0,157.0,157.0,157.0,,,,157,0,,,,,,,,,,,,,,,2022-04-20
76,2022-04-22,1173110.0,155581.0,155663.0,155540.0,155570.0,155523.0,155545.0,155566.0,28015.0,28002.0,28071.0,0.0,34.0,1088988.0,84122.0,1173110.0,466011.0,276668.0,258486.0,171945.0,1173110,0,,,,,,,,,,,,,,,2022-04-22
77,2022-04-23,1157166.0,153125.0,153168.0,153003.0,153094.0,152969.0,153090.0,153062.0,28574.0,28502.0,28536.0,0.0,43.0,1071511.0,85655.0,1157166.0,466017.0,269624.0,251558.0,169967.0,1157166,0,,,,,,,,,,,,,,,2022-04-23
78,2022-04-24,1227178.0,161514.0,161442.0,161453.0,161612.0,161597.0,161458.0,161543.0,33259.0,31635.0,31610.0,0.0,55.0,1130619.0,96559.0,1227178.0,517167.0,263458.0,277281.0,169272.0,1227178,0,,,,,,,,,,,,,,,2022-04-24
79,2022-04-25,1221102.0,161684.0,161676.0,161676.0,161681.0,161531.0,161518.0,161668.0,30933.0,29350.0,29320.0,0.0,65.0,1131434.0,89668.0,1221102.0,512457.0,272117.0,255459.0,181069.0,1221102,0,,,,,,,,,,,,,,,2022-04-25
80,2022-04-26,1202958.0,159924.0,159600.0,156029.0,159816.0,160103.0,160267.0,160033.0,29006.0,29064.0,29025.0,0.0,91.0,1115772.0,87186.0,1202958.0,510244.0,267662.0,252560.0,172492.0,1202958,0,,,,,,,,,,,,,,,2022-04-26
81,2022-04-27,334.0,,,,,,,,,,,,334.0,0.0,334.0,334.0,,334.0,,,334,0,,,,,,,,,,,,,,,2022-04-27
82,2022-05-05,1050286.0,144560.0,144737.0,144699.0,144745.0,144659.0,144395.0,144538.0,19108.0,18769.0,0.0,0.0,76.0,1012333.0,37953.0,1050286.0,,,,,0,-1050286,,,,,,,,,,,,,,,2022-05-05
83,2022-05-06,1029162.0,141580.0,141401.0,141606.0,141577.0,141501.0,141515.0,141580.0,19825.0,18531.0,0.0,0.0,46.0,990760.0,38402.0,1029162.0,,,,,0,-1029162,,,,,,,,,,,,,,,2022-05-06
84,2022-05-07,1078596.0,148091.0,148232.0,148184.0,148068.0,148098.0,147926.0,147762.0,22470.0,19765.0,0.0,0.0,0.0,1036361.0,42235.0,1078596.0,,,,,0,-1078596,,,,,,,,,,,,,,,2022-05-07
85,2022-05-08,1081584.0,148702.0,148706.0,148681.0,148831.0,148714.0,148809.0,148740.0,20218.0,20183.0,0.0,0.0,0.0,1041183.0,40401.0,1081584.0,,,,,0,-1081584,,,,,,,,,,,,,,,2022-05-08
86,2022-05-09,1064905.0,146580.0,146873.0,146767.0,146313.0,146384.0,146387.0,146427.0,19624.0,19550.0,0.0,0.0,0.0,1025731.0,39174.0,1064905.0,,,,,0,-1064905,,,,,,,,,,,,,,,2022-05-09
87,2022-05-12,989232.0,156133.0,155783.0,155747.0,155912.0,156046.0,0.0,155673.0,17979.0,17986.0,17973.0,0.0,0.0,935294.0,53938.0,989232.0,,,,,0,-989232,,,,,,,,,,,,,,,2022-05-12
88,2022-05-13,0.0,,,,,,,,,,,,,0.0,0.0,0.0,,,,,0,0,,,,,,,,,,,,,,,2022-05-13
89,2022-05-14,0.0,,,,,,,,,,,,,0.0,0.0,0.0,,,,,0,0,,,,,,,,,,,,,,,2022-05-14
90,2022-05-15,0.0,,,,,,,,,,,,,0.0,0.0,0.0,,,,,0,0,,,,,,,,,,,,,,,2022-05-15
91,2022-05-16,0.0,,,,,,,,,,,,,0.0,0.0,0.0,,,,,0,0,,,,,,,,,,,,,,,2022-05-16
92,2022-05-17,0.0,,,,,,,,,,,,,0.0,0.0,0.0,,,,,0,0,,,,,,,,,,,,,,,2022-05-17
93,2022-05-18,0.0,,,,,,,,,,,,,0.0,0.0,0.0,,,,,0,0,,,,,,,,,,,,,,,2022-05-18
94,2022-05-19,0.0,,,,,,,,,,,,,0.0,0.0,0.0,,,,,0,0,,,,,,,,,,,,,,,2022-05-19
95,2022-05-20,0.0,,,,,,,,,,,,,0.0,0.0,0.0,,,,,0,0,,,,,,,,,,,,,,,2022-05-20
96,2022-05-21,0.0,,,,,,,,,,,,,0.0,0.0,0.0,,,,,0,0,,,,,,,,,,,,,,,2022-05-21
97,2022-05-22,0.0,,,,,,,,,,,,,0.0,0.0,0.0,,,,,0,0,,,,,,,,,,,,,,,2022-05-22
98,2022-05-23,0.0,,,,,,,,,,,,,0.0,0.0,0.0,,,,,0,0,,,,,,,,,,,,,,,2022-05-23
99,2022-05-24,0.0,,,,,,,,,,,,,0.0,0.0,0.0,,,,,0,0,,,,,,,,,,,,,,,2022-05-24
100,2022-05-25,0.0,,,,,,,,,,,,,0.0,0.0,0.0,,,,,0,0,,,,,,,,,,,,,,,2022-05-25
101,2022-05-26,0.0,,,,,,,,,,,,,0.0,0.0,0.0,,,,,0,0,,,,,,,,,,,,,,,2022-05-26
102,2022-05-27,0.0,,,,,,,,,,,,,0.0,0.0,0.0,,,,,0,0,,,,,,,,,,,,,,,2022-05-27
103,2022-05-28,0.0,,,,,,,,,,,,,0.0,0.0,0.0,,,,,0,0,,,,,,,,,,,,,,,2022-05-28
104,2022-05-29,0.0,,,,,,,,,,,,,0.0,0.0,0.0,,,,,0,0,,,,,,,,,,,,,,,2022-05-29
105,2022-05-30,0.0,,,,,,,,,,,,,0.0,0.0,0.0,,,,,0,0,,,,,,,,,,,,,,,2022-05-30
106,2022-05-31,0.0,,,,,,,,,,,,,0.0,0.0,0.0,,,,,0,0,,,,,,,,,,,,,,,2022-05-31
107,2022-06-01,0.0,,,,,,,,,,,,,0.0,0.0,0.0,,,,,0,0,,,,,,,,,,,,,,,2022-06-01
108,2022-06-02,0.0,,,,,,,,,,,,,0.0,0.0,0.0,,,,,0,0,,,,,,,,,,,,,,,2022-06-02
109,2022-06-03,0.0,,,,,,,,,,,,,0.0,0.0,0.0,,,,,0,0,,,,,,,,,,,,,,,2022-06-03
110,2022-06-04,0.0,,,,,,,,,,,,,0.0,0.0,0.0,,,,,0,0,,,,,,,,,,,,,,,2022-06-04
111,2022-06-05,0.0,,,,,,,,,,,,,0.0,0.0,0.0,,,,,0,0,,,,,,,,,,,,,,,2022-06-05
112,2022-06-06,0.0,,,,,,,,,,,,,0.0,0.0,0.0,,,,,0,0,,,,,,,,,,,,,,,2022-06-06
113,2022-06-07,0.0,,,,,,,,,,,,,0.0,0.0,0.0,,,,,0,0,,,,,,,,,,,,,,,2022-06-07
114,2022-06-08,0.0,,,,,,,,,,,,,0.0,0.0,0.0,,,,,0,0,,,,,,,,,,,,,,,2022-06-08
115,2022-06-09,0.0,,,,,,,,,,,,,0.0,0.0,0.0,,,,,0,0,,,,,,,,,,,,,,,2022-06-09
116,2022-06-10,0.0,,,,,,,,,,,,,0.0,0.0,0.0,,,,,0,0,,,,,,,,,,,,,,,2022-06-10
117,2022-06-11,0.0,,,,,,,,,,,,,0.0,0.0,0.0,,,,,0,0,,,,,,,,,,,,,,,2022-06-11
118,2022-06-12,0.0,,,,,,,,,,,,,0.0,0.0,0.0,,,,,0,0,,,,,,,,,,,,,,,2022-06-12
119,2022-06-13,0.0,,,,,,,,,,,,,0.0,0.0,0.0,,,,,0,0,,,,,,,,,,,,,,,2022-06-13
120,2022-06-14,0.0,,,,,,,,,,,,,0.0,0.0,0.0,,,,,0,0,,,,,,,,,,,,,,,2022-06-14
121,2022-06-15,0.0,,,,,,,,,,,,,0.0,0.0,0.0,,,,,0,0,,,,,,,,,,,,,,,2022-06-15
122,2022-06-16,0.0,,,,,,,,,,,,,0.0,0.0,0.0,,,,,0,0,,,,,,,,,,,,,,,2022-06-16
123,2022-06-17,0.0,,,,,,,,,,,,,0.0,0.0,0.0,,,,,0,0,,,,,,,,,,,,,,,2022-06-17
124,2022-06-18,0.0,,,,,,,,,,,,,0.0,0.0,0.0,,,,,0,0,,,,,,,,,,,,,,,2022-06-18
125,2022-06-19,0.0,,,,,,,,,,,,,0.0,0.0,0.0,,,,,0,0,,,,,,,,,,,,,,,2022-06-19
126,2022-06-20,0.0,,,,,,,,,,,,,0.0,0.0,0.0,,,,,0,0,,,,,,,,,,,,,,,2022-06-20
127,2022-06-21,0.0,,,,,,,,,,,,,0.0,0.0,0.0,,,,,0,0,,,,,,,,,,,,,,,2022-06-21
128,2022-06-22,0.0,,,,,,,,,,,,,0.0,0.0,0.0,,,,,0,0,,,,,,,,,,,,,,,2022-06-22
129,2022-06-23,0.0,,,,,,,,,,,,,0.0,0.0,0.0,,,,,0,0,,,,,,,,,,,,,,,2022-06-23
130,2022-06-24,0.0,,,,,,,,,,,,,0.0,0.0,0.0,,,,,0,0,,,,,,,,,,,,,,,2022-06-24
131,2022-06-25,0.0,,,,,,,,,,,,,0.0,0.0,0.0,,,,,0,0,,,,,,,,,,,,,,,2022-06-25
132,2022-06-26,0.0,,,,,,,,,,,,,0.0,0.0,0.0,,,,,0,0,,,,,,,,,,,,,,,2022-06-26
133,2022-06-27,0.0,,,,,,,,,,,,,0.0,0.0,0.0,,,,,0,0,,,,,,,,,,,,,,,2022-06-27
134,2022-06-28,0.0,,,,,,,,,,,,,0.0,0.0,0.0,,,,,0,0,,,,,,,,,,,,,,,2022-06-28
135,2022-06-29,0.0,,,,,,,,,,,,,0.0,0.0,0.0,,,,,0,0,,,,,,,,,,,,,,,2022-06-29
136,2022-06-30,0.0,,,,,,,,,,,,,0.0,0.0,0.0,,,,,0,0,,,,,,,,,,,,,,,2022-06-30
137,2022-07-01,0.0,,,,,,,,,,,,,0.0,0.0,0.0,,,,,0,0,,,,,,,,,,,,,,,2022-07-01
138,2022-07-02,0.0,,,,,,,,,,,,,0.0,0.0,0.0,,,,,0,0,,,,,,,,,,,,,,,2022-07-02
139,2022-07-03,0.0,,,,,,,,,,,,,0.0,0.0,0.0,,,,,0,0,,,,,,,,,,,,,,,2022-07-03
140,2022-07-04,0.0,,,,,,,,,,,,,0.0,0.0,0.0,,,,,0,0,,,,,,,,,,,,,,,2022-07-04
141,2022-07-05,0.0,,,,,,,,,,,,,0.0,0.0,0.0,,,,,0,0,,,,,,,,,,,,,,,2022-07-05
142,2022-07-06,0.0,,,,,,,,,,,,,0.0,0.0,0.0,,,,,0,0,,,,,,,,,,,,,,,2022-07-06
143,2022-07-07,0.0,,,,,,,,,,,,,0.0,0.0,0.0,,,,,0,0,,,,,,,,,,,,,,,2022-07-07
144,2022-07-08,0.0,,,,,,,,,,,,,0.0,0.0,0.0,,,,,0,0,,,,,,,,,,,,,,,2022-07-08
145,2022-07-09,0.0,,,,,,,,,,,,,0.0,0.0,0.0,,,,,0,0,,,,,,,,,,,,,,,2022-07-09
146,2022-07-10,0.0,,,,,,,,,,,,,0.0,0.0,0.0,,,,,0,0,,,,,,,,,,,,,,,2022-07-10
147,2022-07-11,0.0,,,,,,,,,,,,,0.0,0.0,0.0,,,,,0,0,,,,,,,,,,,,,,,2022-07-11
148,2022-07-12,0.0,,,,,,,,,,,,,0.0,0.0,0.0,,,,,0,0,,,,,,,,,,,,,,,2022-07-12
149,2022-07-13,0.0,,,,,,,,,,,,,0.0,0.0,0.0,,,,,0,0,,,,,,,,,,,,,,,2022-07-13
150,2022-07-14,0.0,,,,,,,,,,,,,0.0,0.0,0.0,,,,,0,0,,,,,,,,,,,,,,,2022-07-14
151,2022-07-15,0.0,,,,,,,,,,,,,0.0,0.0,0.0,,,,,0,0,,,,,,,,,,,,,,,2022-07-15
152,2022-07-16,0.0,,,,,,,,,,,,,0.0,0.0,0.0,,,,,0,0,,,,,,,,,,,,,,,2022-07-16
153,2022-07-17,0.0,,,,,,,,,,,,,0.0,0.0,0.0,,,,,0,0,,,,,,,,,,,,,,,2022-07-17
154,2022-07-18,0.0,,,,,,,,,,,,,0.0,0.0,0.0,,,,,0,0,,,,,,,,,,,,,,,2022-07-18
155,2022-07-19,0.0,,,,,,,,,,,,,0.0,0.0,0.0,,,,,0,0,,,,,,,,,,,,,,,2022-07-19
156,2022-07-20,0.0,,,,,,,,,,,,,0.0,0.0,0.0,,,,,0,0,,,,,,,,,,,,,,,2022-07-20
157,2022-07-21,0.0,,,,,,,,,,,,,0.0,0.0,0.0,,,,,0,0,,,,,,,,,,,,,,,2022-07-21
158,2022-07-22,0.0,,,,,,,,,,,,,0.0,0.0,0.0,,,,,0,0,,,,,,,,,,,,,,,2022-07-22
159,2022-07-23,0.0,,,,,,,,,,,,,0.0,0.0,0.0,,,,,0,0,,,,,,,,,,,,,,,2022-07-23
160,2022-07-24,0.0,,,,,,,,,,,,,0.0,0.0,0.0,,,,,0,0,,,,,,,,,,,,,,,2022-07-24
161,2022-07-25,0.0,,,,,,,,,,,,,0.0,0.0,0.0,,,,,0,0,,,,,,,,,,,,,,,2022-07-25
162,2022-07-26,0.0,,,,,,,,,,,,,0.0,0.0,0.0,,,,,0,0,,,,,,,,,,,,,,,2022-07-26
163,2022-07-27,0.0,,,,,,,,,,,,,0.0,0.0,0.0,,,,,0,0,,,,,,,,,,,,,,,2022-07-27
164,2022-07-28,0.0,,,,,,,,,,,,,0.0,0.0,0.0,,,,,0,0,,,,,,,,,,,,,,,2022-07-28
165,2022-07-29,0.0,,,,,,,,,,,,,0.0,0.0,0.0,,,,,0,0,,,,,,,,,,,,,,,2022-07-29
166,2022-07-30,0.0,,,,,,,,,,,,,0.0,0.0,0.0,,,,,0,0,,,,,,,,,,,,,,,2022-07-30
167,2022-07-31,0.0,,,,,,,,,,,,,0.0,0.0,0.0,,,,,0,0,,,,,,,,,,,,,,,2022-07-31
168,2022-08-01,0.0,,,,,,,,,,,,,0.0,0.0,0.0,,,,,0,0,,,,,,,,,,,,,,,2022-08-01
169,2022-08-02,0.0,,,,,,,,,,,,,0.0,0.0,0.0,,,,,0,0,,,,,,,,,,,,,,,2022-08-02
170,2022-08-03,0.0,,,,,,,,,,,,,0.0,0.0,0.0,,,,,0,0,,,,,,,,,,,,,,,2022-08-03
171,2022-08-04,0.0,,,,,,,,,,,,,0.0,0.0,0.0,,,,,0,0,,,,,,,,,,,,,,,2022-08-04
172,2022-08-05,0.0,,,,,,,,,,,,,0.0,0.0,0.0,,,,,0,0,,,,,,,,,,,,,,,2022-08-05
173,2022-08-06,0.0,,,,,,,,,,,,,0.0,0.0,0.0,,,,,0,0,,,,,,,,,,,,,,,2022-08-06
174,2022-08-07,0.0,,,,,,,,,,,,,0.0,0.0,0.0,,,,,0,0,,,,,,,,,,,,,,,2022-08-07
175,2022-08-08,0.0,,,,,,,,,,,,,0.0,0.0,0.0,,,,,0,0,,,,,,,,,,,,,,,2022-08-08
176,2022-08-09,0.0,,,,,,,,,,,,,0.0,0.0,0.0,,,,,0,0,,,,,,,,,,,,,,,2022-08-09
177,2022-08-10,0.0,,,,,,,,,,,,,0.0,0.0,0.0,,,,,0,0,,,,,,,,,,,,,,,2022-08-10
178,2022-08-11,0.0,,,,,,,,,,,,,0.0,0.0,0.0,,,,,0,0,,,,,,,,,,,,,,,2022-08-11
179,2022-08-12,0.0,,,,,,,,,,,,,0.0,0.0,0.0,,,,,0,0,,,,,,,,,,,,,,,2022-08-12
180,2022-08-13,0.0,,,,,,,,,,,,,0.0,0.0,0.0,,,,,0,0,,,,,,,,,,,,,,,2022-08-13
181,2022-08-14,0.0,,,,,,,,,,,,,0.0,0.0,0.0,,,,,0,0,,,,,,,,,,,,,,,2022-08-14
182,2022-08-15,0.0,,,,,,,,,,,,,0.0,0.0,0.0,,,,,0,0,,,,,,,,,,,,,,,2022-08-15
183,2022-08-16,0.0,,,,,,,,,,,,,0.0,0.0,0.0,,,,,0,0,,,,,,,,,,,,,,,2022-08-16
184,2022-08-17,0.0,,,,,,,,,,,,,0.0,0.0,0.0,,,,,0,0,,,,,,,,,,,,,,,2022-08-17
185,2022-08-18,0.0,,,,,,,,,,,,,0.0,0.0,0.0,,,,,0,0,,,,,,,,,,,,,,,2022-08-18
186,2022-08-19,0.0,,,,,,,,,,,,,0.0,0.0,0.0,,,,,0,0,,,,,,,,,,,,,,,2022-08-19
187,2022-08-20,0.0,,,,,,,,,,,,,0.0,0.0,0.0,,,,,0,0,,,,,,,,,,,,,,,2022-08-20
188,2022-08-21,0.0,,,,,,,,,,,,,0.0,0.0,0.0,,,,,0,0,,,,,,,,,,,,,,,2022-08-21
189,2022-08-22,0.0,,,,,,,,,,,,,0.0,0.0,0.0,,,,,0,0,,,,,,,,,,,,,,,2022-08-22
190,2022-08-23,0.0,,,,,,,,,,,,,0.0,0.0,0.0,,,,,0,0,,,,,,,,,,,,,,,2022-08-23
191,2022-08-24,0.0,,,,,,,,,,,,,0.0,0.0,0.0,,,,,0,0,,,,,,,,,,,,,,,2022-08-24
192,2022-08-25,0.0,,,,,,,,,,,,,0.0,0.0,0.0,,,,,0,0,,,,,,,,,,,,,,,2022-08-25
193,2022-08-26,0.0,,,,,,,,,,,,,0.0,0.0,0.0,,,,,0,0,,,,,,,,,,,,,,,2022-08-26
194,2022-08-27,0.0,,,,,,,,,,,,,0.0,0.0,0.0,,,,,0,0,,,,,,,,,,,,,,,2022-08-27
195,2022-08-28,0.0,,,,,,,,,,,,,0.0,0.0,0.0,,,,,0,0,,,,,,,,,,,,,,,2022-08-28
196,2022-08-29,0.0,,,,,,,,,,,,,0.0,0.0,0.0,,,,,0,0,,,,,,,,,,,,,,,2022-08-29
197,2022-08-30,0.0,,,,,,,,,,,,,0.0,0.0,0.0,,,,,0,0,,,,,,,,,,,,,,,2022-08-30
198,2022-08-31,0.0,,,,,,,,,,,,,0.0,0.0,0.0,,,,,0,0,,,,,,,,,,,,,,,2022-08-31
199,,,,,,,,,,,,,,,,,,,,,,0,0,,,,,,,,,,,,,,,
200,,,,,,,,,,,,,,,,,,,,,,0,0,,,,,,,,,,,,,,,
201,,,,,,,,,,,,,,,,,,,,,,0,0,,,,,,,,,,,,,,,
202,,,,,,,,,,,,,,,,,,,,,,0,0,,,,,,,,,,,,,,,
203,,,,,,,,,,,,,,,,,,,,,,0,0,,,,,,,,,,,,,,,
